category_id,center_x,center_y
0,1238.965520620346,958.7240333557129
0,1126.8107528686523,879.7555365562439
0,1204.1110229492188,593.5229320526123
0,715.9808924198151,472.9659729003906
0,1258.419665336609,536.2866020202637
0,1035.5400390625,675.6150588989258
0,1127.276065826416,859.2070617675781
0,740.9104328155518,471.37279510498047
0,1143.1203994750977,938.9267406463623
0,1079.9042139053345,558.1707611083984
0,1500.6479835510254,777.4004211425781
0,967.6174621582031,573.7420444488525
0,951.9691963195801,710.6673536300659
0,1162.8920822143555,826.0849609375
0,924.3791999816895,494.8786392211914
0,1236.7600708007812,539.0671513080597
0,899.7978410720825,682.2512969970703
0,1167.460350036621,196.79143571853638
0,1148.8388023376465,200.0742063522339
0,1087.9039993286133,661.2318115234375
0,784.0444297790527,541.7146635055542
0,816.9847717285156,593.8132457733154
0,957.9886627197266,529.7991166114807
0,1213.4975051879883,471.56361389160156
0,1163.438835144043,866.5631561279297
0,1437.9923868179321,439.8575210571289
0,1087.2322540283203,522.3910369873047
0,1002.1038589477539,900.7837066650391
0,1240.8838729858398,825.0163536071777
0,1295.0973567962646,472.9994926452637
0,1172.1256675720215,175.69115662574768
0,1193.0074615478516,886.9897141456604
0,940.752498626709,745.366491317749
0,1264.619878768921,986.0932884216309
0,1007.0554122924805,679.2144622802734
0,1293.635633468628,857.9076614379883
0,1148.7631034851074,588.9563941955566
0,922.9904670715332,554.6081504821777
0,920.3685092926025,594.2939052581787
0,1447.465627670288,419.2973461151123
0,907.5564804077148,1024.5030899047852
0,1303.2261657714844,312.4131774902344
0,1128.1937789916992,437.6967124938965
0,1267.148910522461,768.550666809082
0,1217.4224319458008,543.1367197036743
0,1171.6908416748047,325.17610931396484
0,1304.0842094421387,439.1929397583008
0,338.2911376953125,914.3608627319336
0,1349.2333793640137,473.82505798339844
0,1569.6179962158203,720.6169323921204
0,1268.023648262024,723.7785415649414
0,1168.7530517578125,522.2609405517578
0,789.2975387573242,597.6571578979492
0,759.8033046722412,865.4856719970703
0,874.4040603637695,550.9729595184326
0,1176.1371002197266,935.3370494842529
0,945.4761295318604,572.9785308837891
0,1184.0999565124512,1075.697280883789
0,1514.642894744873,851.898078918457
0,564.8022346496582,938.4425888061523
0,1135.3933944702148,821.0198860168457
0,1034.2612533569336,704.2217636108398
0,1202.3163833618164,495.23851776123047
0,1517.874324798584,768.9654808044434
0,960.9708251953125,473.00559997558594
0,1266.0930213928223,498.4756774902344
0,1266.7598276138306,467.08317947387695
0,898.603705406189,1115.9592304229736
0,1232.1701049804688,495.27933502197266
0,1205.3582916259766,924.3623199462891
0,1257.8003330230713,561.3391427993774
0,1184.4598960876465,429.72644805908203
0,546.9663763046265,1374.6141357421875
0,1151.32470703125,902.6187658309937
0,1170.545669555664,449.7070426940918
0,1151.920524597168,564.682653427124
0,1186.6323432922363,1027.263053894043
0,907.3078460693359,959.1485748291016
0,775.1916370391846,1089.8564777374268
0,1564.9195175170898,690.2633590698242
0,697.6665115356445,1188.8836936950684
0,555.4962911605835,670.3715744018555
0,783.0031242370605,521.0162582397461
0,842.687255859375,541.3383376598358
0,969.4448661804199,956.1671371459961
0,846.8294525146484,1136.8516960144043
0,1007.3219299316406,565.1605072021484
0,1090.069236755371,492.18003845214844
0,1098.1949253082275,1161.8625106811523
0,399.1691188812256,1328.5650452375412
0,1006.2734336853027,706.2758069038391
0,744.5882911682129,1122.9646606445312
0,976.3557281494141,1237.698959350586
0,1123.4686813354492,323.1015396118164
0,1482.0742263793945,721.9186630249023
0,1358.3123092651367,185.80037593841553
0,473.2463722229004,733.7731380462646
0,1150.6899528503418,1125.7995796203613
0,854.362907409668,803.1106796264648
0,1200.1315155029297,969.5837478637695
0,936.9889602661133,1019.7504577636719
0,1225.2463760375977,975.6317367553711
0,1237.7788014411926,1000.9574127197266
0,1375.8258743286133,966.5057907104492
0,681.1588516235352,1324.9926154613495
0,1356.7009811401367,495.4915466308594
0,1156.5113906860352,169.4640121459961
0,740.9451141357422,1081.2797260284424
0,643.5282135009766,1198.7040557861328
0,858.168830871582,1079.3367385864258
0,965.0058746337891,505.2018737792969
0,1173.2477264404297,562.2979888916016
0,995.396556854248,729.0486259460449
0,890.7602047920227,718.6819903850555
0,754.8555755615234,832.3207778930664
0,1341.1182594299316,432.9848213195801
0,740.0871648788452,588.4715881347656
0,664.8543548583984,645.2593040466309
0,999.2160034179688,580.2623081207275
0,925.8502140045166,678.6289215087891
0,1047.725486755371,458.6812858581543
0,1105.3898754119873,1010.0658645629883
0,1253.4887495040894,883.6745071411133
0,769.5185489654541,810.7298622131348
0,1491.6083335876465,910.8108291625977
0,602.0578117370605,836.6863136291504
0,550.2419128417969,733.698860168457
0,1328.1410942077637,302.8916206359863
0,881.316650390625,1158.162754058838
0,1196.813949584961,856.9158325195312
0,1209.9474563598633,1017.7830963134766
0,819.0317802429199,1240.4067001342773
0,1178.4305419921875,788.9473876953125
0,857.8088226318359,588.9952793121338
0,402.0064296722412,1367.693904876709
0,934.218355178833,516.5930480957031
0,1020.3880996704102,1069.064290523529
0,1097.2521705627441,1060.9689865112305
0,904.9830045700073,756.5268726348877
0,976.1894454956055,919.716474533081
0,756.4269199371338,572.1192817687988
0,812.9078140258789,783.2573585510254
0,702.395149230957,801.0045166015625
0,709.6803793907166,596.7085628509521
0,589.8563022613525,1000.8299903869629
0,1555.668441772461,807.947696685791
0,670.1162796020508,599.5224342346191
0,1278.9462242126465,701.4164123535156
0,638.5242958068848,787.6360855102539
0,1612.416337966919,653.1917533874512
0,900.2137327194214,507.43572998046875
0,1129.70991897583,1059.8155136108398
0,943.9225673675537,949.3752822875977
0,195.65185546875,1156.463607788086
0,1205.4063110351562,573.1638278961182
0,624.7620124816895,1349.0459299087524
0,985.2763023376465,496.92608642578125
0,389.6232719421387,1092.9834938049316
0,685.3159790039062,1241.561635017395
0,1162.4462547302246,1024.6473083496094
0,1322.6926803588867,434.87672424316406
0,1403.1101150512695,283.0459289550781
0,690.831657409668,515.6294250488281
0,468.5722846984863,1319.4072284698486
0,692.0127029418945,780.232666015625
0,1214.9249114990234,446.86363983154297
0,941.5069160461426,598.452938079834
0,957.231876373291,983.6330642700195
0,1345.974754333496,167.28001403808594
0,1003.5974159240723,485.75765228271484
0,505.4075393676758,1398.7773971557617
0,1254.43252658844,793.3133735656738
0,492.5534210205078,995.683406829834
0,1535.5035095214844,801.4123001098633
0,1250.2521028518677,931.3376178741455
0,1019.6536026000977,1245.9656336307526
0,652.1615905761719,815.4654731750488
0,819.3684501647949,512.4102325439453
0,1289.3200817108154,1074.7179374694824
0,1000.0536460876465,535.0259189605713
0,1230.338752746582,929.4375343322754
0,1050.9904251098633,253.60848999023438
0,750.2399826049805,625.978199005127
0,625.397533416748,647.3326416015625
0,806.0541725158691,557.6702499389648
0,1088.7466382980347,1136.0632858276367
0,1302.5169677734375,911.617036819458
0,1142.93794631958,985.3654937744141
0,1289.5741901397705,1133.8597869873047
0,554.531566619873,817.6066398620605
0,1041.8906173706055,1121.9185791015625
0,629.1336479187012,814.617992401123
0,1071.1640710830688,675.5929183959961
0,473.0616226196289,887.1310353279114
0,1034.7744979858398,495.89288330078125
0,589.5207824707031,882.1154556274414
0,933.1951274871826,1321.904354095459
0,1298.7024936676025,501.58367919921875
0,993.4042472839355,979.6310958862305
0,678.9933395385742,824.9610404968262
0,1181.4662055969238,468.49907302856445
0,937.5537357330322,1258.815933227539
0,1628.8280715942383,600.8432312011719
0,578.2105140686035,621.8999900817871
0,810.8275108337402,828.6716613769531
0,791.3848915100098,845.1083755493164
0,764.3157043457031,1155.6603546142578
0,560.5512256622314,849.3755264282227
0,1550.0097045898438,726.3027114868164
0,1277.8915195465088,784.5862846374512
0,582.4703197479248,713.875807762146
0,1111.4917640686035,1103.8888854980469
0,793.7761154174805,738.7051620483398
0,437.6869697570801,1323.5793733596802
0,1499.5785903930664,741.0509281158447
0,1581.621223449707,766.5949192047119
0,818.2952842712402,390.7006244659424
0,1112.6619968414307,838.4789962768555
0,1063.2439651489258,1037.6291198730469
0,1392.2568664550781,721.4863934516907
0,1129.8088607788086,1154.2810249328613
0,1205.8066177368164,1057.3878707885742
0,878.5887680053711,609.295581817627
0,1173.7204895019531,485.6720199584961
0,1539.9359893798828,781.6683731079102
0,531.3916444778442,967.3671875
0,1164.230556488037,958.1827392578125
0,730.4755582809448,1244.6351292133331
0,517.584342956543,945.9861793518066
0,795.0580177307129,444.642635345459
0,551.6743087768555,1338.3300895690918
0,717.7466583251953,1152.498477935791
0,1055.6227059364319,1201.4375839233398
0,1510.7247467041016,882.1455841064453
0,1137.5150299072266,546.3415260314941
0,937.001781463623,784.2241821289062
0,1228.5753021240234,786.118579864502
0,1151.8997230529785,504.3423156738281
0,537.2724041938782,1396.8320045471191
0,1368.9063110351562,422.482177734375
0,840.2275390625,1203.3592910766602
0,639.3503913879395,610.6550903320312
0,1277.9048957824707,448.3837547302246
0,1545.6300048828125,694.7018890380859
0,490.4684295654297,925.2462558746338
0,1100.818187713623,882.6185760498047
0,1280.3953247070312,1106.6262702941895
0,892.2060134410858,815.4807510375977
0,305.28346252441406,1059.1907119750977
0,1161.901210784912,419.67133712768555
0,562.056887626648,976.7552108764648
0,891.9362902641296,588.5077381134033
0,1331.2090187072754,498.8031921386719
0,460.3140525817871,912.5728454589844
0,924.8139457702637,377.5085515975952
0,1269.1762733459473,826.7395248413086
0,930.4324970245361,1102.1974601745605
0,941.6934490203857,1048.1571884155273
0,787.8456993103027,570.921106338501
0,690.8258590698242,919.9114151000977
0,780.2636833190918,777.7107734680176
0,716.022244811058,1214.0139694213867
0,642.8026466369629,970.0535583496094
0,863.0893173217773,733.4927062988281
0,422.31189155578613,1033.3533248901367
0,795.689395904541,1040.6887817382812
0,1370.4564895629883,467.5109062194824
0,977.7085876464844,1132.7966194152832
0,479.51687240600586,1227.6957702636719
0,1218.001449584961,1161.4329833984375
0,654.8015327453613,891.3235704898834
0,1006.6273078918457,438.79776763916016
0,721.8661975860596,841.1031494140625
0,1100.1340942382812,544.7384643554688
0,1167.5251274108887,298.8595161437988
0,1024.9141540527344,1167.1918716430664
0,919.9997692108154,714.0658853054047
0,993.6058197021484,454.117919921875
0,818.4505615234375,1146.0204124450684
0,1331.2488327026367,844.8636093139648
0,641.4957237243652,761.771764755249
0,1406.5869476795197,427.4921989440918
0,1191.8665618896484,812.5622329711914
0,706.7915954589844,663.5399169921875
0,574.1273250579834,1313.2833557128906
0,639.4008750915527,1240.107650756836
0,977.9653015136719,749.9088077545166
0,1244.7400512695312,904.859504699707
0,1099.5528392791748,1189.3103256225586
0,1177.6418190002441,503.68165588378906
0,748.3892459869385,428.67481231689453
0,1234.9296131134033,852.0752182006836
0,1386.3375244140625,1055.9427108764648
0,977.426082611084,1157.1018104553223
0,600.4596862792969,1310.4586181640625
0,1160.7372016906738,1054.1577987670898
0,1527.8954772949219,712.1534607410431
0,1011.6312484741211,356.9949493408203
0,997.835018157959,338.4082565307617
0,358.66182708740234,895.5263156890869
0,1591.5269408226013,535.948513507843
0,1588.5218772888184,733.6731472015381
0,593.5593910217285,1377.5106887817383
0,783.5656051635742,1276.5990047454834
0,978.6876640319824,556.7493743896484
0,784.8211936950684,1198.0502319335938
0,219.72756004333496,1168.2506637573242
0,1340.2321395874023,770.8426780700684
0,540.1099252700806,935.9259948730469
0,785.6988868713379,1126.4976387023926
0,825.6379890441895,725.7051916122437
0,760.9468669891357,1037.9986114501953
0,340.15596771240234,939.305830001831
0,1243.7150537967682,753.0731029510498
0,1208.4982528686523,314.5687713623047
0,1229.5073471069336,568.7109241485596
0,257.4097709655762,1164.6059112548828
0,380.75744819641113,1178.3415069580078
0,637.7696723937988,915.3591232299805
0,257.73249435424805,1381.6893825531006
0,1062.5607223510742,986.7555923461914
0,814.2881469726562,1176.604393005371
0,729.3093128204346,614.9313735961914
0,709.5911656022072,766.2807941436768
0,263.1317138671875,1085.246810913086
0,487.9795684814453,697.8158721923828
0,677.6276702880859,758.9756374359131
0,1049.4126358032227,1083.0628280639648
0,1102.1734409332275,924.154914855957
0,844.7370834350586,822.6120529174805
0,1254.903060913086,424.0364189147949
0,607.7590255737305,934.0049705505371
0,1532.5348320007324,739.4253826141357
0,1189.5342025756836,1009.5672798156738
0,712.2646713256836,625.6518287658691
0,1474.2020092010498,847.5074691772461
0,678.0855102539062,1397.6963920593262
0,670.4502029418945,1205.277328491211
0,1055.7877044677734,1160.827491760254
0,1312.127109527588,723.2911400794983
0,1352.9981155395508,944.5755748748779
0,668.6894607543945,1157.1387825012207
0,737.0226020812988,877.92626953125
0,1149.5251007080078,460.8524398803711
0,1037.4512023925781,586.9568290710449
0,521.3402252197266,863.503791809082
0,783.8576850891113,1063.7353539466858
0,374.9615626335144,1004.074779510498
0,1107.7554969787598,453.85851287841797
0,1007.2540054321289,1106.9340000152588
0,514.38720703125,985.1804389953613
0,944.953441619873,1230.6373138427734
0,1048.60302734375,432.3970375061035
0,691.516716003418,1121.9991817474365
0,1411.2355880737305,447.45635986328125
0,771.9071235656738,1231.130958557129
0,325.38148498535156,1377.6187076568604
0,1591.2602462768555,77.55810546875
0,413.1245422363281,916.6600685119629
0,1130.6234512329102,919.3270893096924
0,877.4725341796875,684.2045745849609
0,297.40739822387695,1395.555809020996
0,1067.3763961791992,1141.6878547668457
0,998.3211975097656,1138.1558418273926
0,879.2100126743317,1129.8368492126465
0,758.8631362915039,742.2264099121094
0,872.6939392089844,987.255199432373
0,182.918701171875,1283.2439136505127
0,430.44283294677734,890.6728031635284
0,748.3207187652588,1184.8132667541504
0,322.34090423583984,998.9287376403809
0,702.8012847900391,1326.0314674377441
0,656.8557090759277,1180.11088180542
0,502.18831634521484,1303.7119255065918
0,429.74343490600586,1356.027500152588
0,559.3537635803223,1400.2109603881836
0,338.5465316772461,1067.1669580936432
0,893.1562750339508,1052.102684020996
0,289.8185691833496,1172.9588165283203
0,878.2185363769531,1088.0708332061768
0,663.1820526123047,854.7679138183594
0,950.9971389770508,926.6829738616943
0,665.3849983215332,1271.9938049316406
0,863.7172317504883,1019.5420608520508
0,909.5690994262695,1230.1282043457031
0,1125.397512435913,503.3538818359375
0,695.4841156005859,1084.8567914962769
0,1150.1394386291504,436.06139373779297
0,818.5727729797363,448.0404396057129
0,369.7988967895508,1346.1283178329468
0,1487.4037590026855,800.6425704956055
0,258.04162216186523,1285.0196208953857
0,1309.2742233276367,456.7676811218262
0,1282.3917503356934,680.7915802001953
0,506.29964447021484,774.9074211120605
0,986.884765625,936.064962387085
0,326.0330581665039,1147.3240966796875
0,861.9347839355469,709.1452236175537
0,1136.4654083251953,334.32442474365234
0,584.2730045318604,600.7009925842285
0,1211.6092910766602,877.6665115356445
0,1213.3175964355469,755.9822082519531
0,247.48580932617188,1214.498550415039
0,733.952389717102,1312.6012268066406
0,1276.1074314117432,954.6427421569824
0,289.44099044799805,1073.3118023872375
0,532.4458160400391,1418.8239974975586
0,1495.4721717834473,849.5911254882812
0,633.7101898193359,936.6088352203369
0,1004.8844451904297,941.3210277557373
0,719.8275909423828,560.1627426147461
0,411.94258308410645,1284.932653427124
0,1307.962215423584,827.3105812072754
0,749.5300121307373,775.6312389373779
0,759.9414501190186,545.0573863983154
0,257.1034965515137,1188.5910034179688
0,552.9752368927002,899.113217830658
0,833.7192802429199,770.3688049316406
0,1262.395089149475,310.69058990478516
0,1049.0619201660156,569.9367218017578
0,719.6854991912842,1276.3797397613525
0,1294.8574142456055,149.07058715820312
0,794.9683609008789,877.4975509643555
0,351.5043182373047,1120.8368473052979
0,588.102258682251,1254.5493564605713
0,409.02274894714355,995.680103302002
0,1575.6922607421875,745.8376846313477
0,510.85821533203125,896.4942278862
0,237.4524745941162,1416.1706619262695
0,1327.9846496582031,813.6048240661621
0,923.7125129699707,467.18420791625977
0,693.9012908935547,574.5655288696289
0,445.4318084716797,1262.544044494629
0,1065.5893232822418,648.3458595275879
0,721.2620239257812,742.9706888198853
0,1385.9969024658203,492.2511901855469
0,865.6377105712891,570.330982208252
0,1408.892593383789,468.4453125
0,1223.2703399658203,914.3230514526367
0,838.9345092773438,1012.7160415649414
0,616.4674873352051,572.505313873291
0,958.2523345947266,359.86415457725525
0,964.0906066894531,1013.3472595214844
0,1519.6055335998535,799.0705871582031
0,422.098970413208,1412.3459358215332
0,817.4451789855957,1359.2689781188965
0,762.4972229003906,1106.2696285247803
0,1303.7000617980957,132.3022232055664
0,966.3350143432617,696.9387283325195
0,1374.3280563354492,117.43746948242188
0,1417.091852903366,880.9050445556641
0,1089.6031589508057,470.8918151855469
0,842.0657196044922,1164.517578125
0,1007.8398704528809,278.6496162414551
0,321.9228210449219,1171.2313613891602
0,823.341495513916,1027.1168899536133
0,1527.8180313110352,671.5534973144531
0,1282.6735229492188,741.3679552078247
0,1092.2770433425903,839.0973892211914
0,689.18408203125,1356.7568359375
0,419.69189643859863,845.4620666503906
0,1180.278205871582,746.3458557128906
0,1198.5238647460938,995.4416160583496
0,659.467456817627,1362.1814441680908
0,1143.6075820922852,302.66098403930664
0,917.9099769592285,993.2630310058594
0,883.6354675292969,964.923168182373
0,1448.0591526031494,463.6459732055664
0,547.6305646896362,1002.4431266784668
0,1103.92671585083,508.9215393066406
0,755.9140930175781,1258.2967233657837
0,778.4827346801758,903.9405307769775
0,1175.4578742980957,987.1656608581543
0,1430.8420915603638,457.33815002441406
0,1477.8215026855469,587.3230152130127
0,1128.2328453063965,998.6393699645996
0,793.5678939819336,623.2249031066895
0,1318.9250221252441,998.056827545166
0,1555.5902862548828,307.5018653869629
0,732.4494094848633,444.6647605895996
0,1060.5708966255188,531.290412902832
0,788.7938270568848,1158.2603340148926
0,293.3300094604492,1101.225772857666
0,968.2105178833008,327.7400360107422
0,952.5518608093262,1285.7605247497559
0,1338.2395973205566,983.1008605957031
0,660.1048164367676,1325.6153106689453
0,1227.370216369629,343.2753448486328
0,1105.0453147888184,818.7961273193359
0,615.3999404907227,990.0946807861328
0,1368.8474197387695,929.5678062438965
0,861.5542449951172,1198.3335418701172
0,389.77626609802246,1133.3748016357422
0,1095.9633483886719,250.96247100830078
0,1522.6565628051758,390.69018936157227
0,463.36851501464844,1029.6877899169922
0,770.8274726867676,1177.4085884094238
0,544.1879196166992,1249.8833646774292
0,1295.3142414093018,553.438157081604
0,711.1034747362137,1254.6972131729126
0,875.1432037353516,1064.1856614351273
0,758.1923751831055,1207.664451599121
0,1005.7105293273926,1153.8713150024414
0,334.5823287963867,1034.2156448364258
0,1508.2045860290527,688.041862487793
0,522.939888715744,1274.4753131866455
0,1184.3599891662598,836.8874664306641
0,434.7930221557617,977.9114532470703
0,1037.286491394043,336.38323974609375
0,1565.7244720458984,775.376392364502
0,601.2242469787598,864.7690048217773
0,570.2032470703125,1030.7478561401367
0,430.8244209289551,1099.3437042236328
0,610.2680892944336,960.6334800720215
0,1211.5301818847656,1125.5736541748047
0,464.91673278808594,944.6286430358887
0,485.5847396850586,1264.742756843567
0,444.52967834472656,1297.346731185913
0,1281.0923099517822,426.9626770019531
0,1027.0737686157227,552.7174530029297
0,820.456615447998,751.377571105957
0,220.96139335632324,1279.6498832702637
0,611.1978034973145,1283.9080486297607
0,675.1543121337891,942.1661434173584
0,986.0097846984863,903.9714813232422
0,693.1602096557617,1292.1467037200928
0,618.9620552062988,680.0978240966797
0,1459.3511123657227,448.6418571472168
0,1417.043620109558,909.5373239517212
0,515.9893188476562,1378.5458068847656
0,268.60966873168945,1049.3190155029297
0,1206.3374862670898,284.86390686035156
0,792.5533447265625,803.1157341003418
0,1329.641788482666,416.7326030731201
0,1142.193229675293,877.7349014282227
0,1205.5457000732422,349.2386703491211
0,1044.6703033447266,652.6428909301758
0,1161.0189476013184,539.8247637748718
0,1294.8407306671143,183.85885095596313
0,725.7270050048828,1178.6477317810059
0,1459.6017112731934,583.2249336242676
0,1143.7537536621094,478.18919372558594
0,1375.4574661254883,747.2084217071533
0,1213.435806274414,893.0557355880737
0,1563.6222229003906,648.1649017333984
0,501.03466796875,1241.6549768447876
0,353.7098617553711,1191.502124786377
0,649.0036888122559,1103.717779159546
0,1276.4180068969727,406.33375358581543
0,617.8526420593262,1203.4807434082031
0,974.9169616699219,1190.5893058776855
0,1140.8304977416992,177.1927719116211
0,1110.8782062530518,575.1933116912842
0,899.5181951522827,553.9862842559814
0,645.7014999389648,1165.8689613342285
0,513.454963684082,1210.5387725830078
0,902.5560073852539,1085.629888534546
0,578.4432964324951,684.978157043457
0,839.9797592163086,564.8610992431641
0,1065.296303987503,506.2319793701172
0,794.3983383178711,1177.5139961242676
0,1168.6036682128906,1106.5110149383545
0,1332.6723098754883,707.742856502533
0,1326.9351081848145,477.09952545166016
0,334.05650329589844,1341.079984664917
0,1315.4318237304688,885.0036087036133
0,1129.6206130981445,901.635139465332
0,1187.6514358520508,315.01366424560547
0,624.8176689147949,1182.3827819824219
0,796.6083564758301,1098.663366317749
0,702.1900024414062,1380.7955074310303
0,556.3667678833008,1221.8866958618164
0,1029.5930709838867,1218.4941024780273
0,1077.3297290802002,1210.8824768066406
0,1556.2923889160156,666.7924728393555
0,1078.968111038208,208.5267333984375
0,1580.7739486694336,661.8843002319336
0,818.7178039550781,1108.774549484253
0,978.6454048156738,531.4950180053711
0,808.639476776123,1074.0647311210632
0,668.8569107055664,984.1299247741699
0,392.21121311187744,959.0719795227051
0,855.5248489379883,1112.3403282165527
0,1587.7647814750671,696.0276489257812
0,1112.2516708374023,969.8550148010254
0,610.9490013122559,1236.3241686820984
0,198.51357746124268,1182.0620803833008
0,609.1766586303711,1154.7438659667969
0,959.1629219055176,1249.7958631515503
0,827.5337944030762,1051.0163345336914
0,907.552640914917,391.4198989868164
0,1145.3334579467773,791.1427459716797
0,1248.4162592887878,288.46330642700195
0,1279.4148712158203,487.2073516845703
0,942.3398189544678,385.3454542160034
0,1237.212776184082,127.16198348999023
0,471.6071243286133,1121.1157512664795
0,317.96778869628906,938.4814872741699
0,1011.2540092468262,867.3669586181641
0,547.4037475585938,869.2580490112305
0,972.2676124572754,1307.9212379455566
0,846.120002746582,752.4092502593994
0,860.5849151611328,1159.4096717834473
0,709.1025796234608,1117.4921836853027
0,849.7048721313477,977.6900596618652
0,1104.831506729126,672.0460433959961
0,1327.2562980651855,1079.7269897460938
0,1007.7868423461914,652.6260566711426
0,540.4095191955566,1061.6883635520935
0,1085.210862159729,1021.7151107788086
0,1545.6536254882812,394.5894546508789
0,1467.4561004638672,731.9295501708984
0,515.5654830932617,738.0030689239502
0,699.4262542724609,824.6910438537598
0,1220.9420928955078,429.18762588500977
0,1079.2923288345337,1088.2299499511719
0,223.1614227294922,1214.4774932861328
0,581.3087482452393,831.302131652832
0,1429.227195739746,159.5824737548828
0,1115.4629192352295,305.6562614440918
0,727.7319383621216,934.1693687438965
0,1393.069107055664,262.28638458251953
0,942.010103225708,491.7289276123047
0,528.9620971679688,886.2105026245117
0,1392.3825912475586,745.3006057739258
0,648.4170379638672,1341.451566696167
0,329.5931091308594,1310.6604690551758
0,502.39051818847656,1030.4009552001953
0,1568.078712463379,593.6557197570801
0,1021.3253326416016,505.84745025634766
0,189.70455646514893,1230.4753112792969
0,568.9206409454346,1378.4811096191406
0,329.7733383178711,1202.873291015625
0,345.9253616333008,1005.2898216247559
0,990.8747444152832,662.383903503418
0,966.669921875,302.6291732788086
0,1025.7552032470703,606.8069343566895
0,1104.9259624481201,902.2702217102051
0,206.8828582763672,1252.0516619682312
0,351.73614501953125,1148.0137405395508
0,271.2699737548828,1114.5684547424316
0,1112.7884788513184,992.6586265563965
0,754.7445755004883,1317.0973014831543
0,208.17881393432617,1228.373764038086
0,1526.6298904418945,410.3774013519287
0,640.3729629516602,1314.8845710754395
0,347.8212356567383,1392.7372360229492
0,1212.4064865112305,956.8913040161133
0,1117.4670886993408,1241.8778097629547
0,443.86304092407227,1135.9212837219238
0,615.0108871459961,1373.2675685882568
0,1574.647102355957,616.105712890625
0,639.3312721252441,872.5222625732422
0,548.0709781646729,953.7458190917969
0,306.5825958251953,1217.2186813354492
0,642.4976997375488,1382.5065460205078
0,871.5740432739258,514.194938659668
0,1167.4981880187988,851.919921875
0,1132.534336090088,1027.0728225708008
0,1375.1709899902344,320.19852447509766
0,1303.0038375854492,1173.9527587890625
0,1134.087100982666,663.1501617431641
0,1001.2008781433105,1270.2752323150635
0,1060.4789276123047,555.1530046463013
0,1083.6196823120117,294.57958602905273
0,883.1122450828552,1008.7879829406738
0,1181.6666831970215,214.03490447998047
0,864.3059539794922,1039.163459777832
0,1217.931869506836,511.89196014404297
0,771.8668689727783,1295.1643772125244
0,1185.2062911987305,524.3242874145508
0,1439.1988191604614,385.6215648651123
0,1230.1775665283203,590.7020645141602
0,495.29669189453125,869.2851181030273
0,1587.5696411132812,560.7339725494385
0,729.3906717300415,773.3193321228027
0,1129.6078796386719,481.6693229675293
0,844.2319946289062,866.8452911376953
0,1279.879249572754,895.9705715179443
0,602.4575729370117,589.1620960235596
0,1119.0971221923828,1174.8603630065918
0,670.1845779418945,1124.288927078247
0,1536.2978286743164,49.51521110534668
0,818.5973472595215,1304.4471855163574
0,817.181324005127,1210.1340789794922
0,1193.520896911621,1191.8030471801758
0,875.0230331420898,749.4243335723877
0,1066.9124693870544,1062.9559106826782
0,745.5905780792236,1281.9211559295654
0,213.27410888671875,1198.7342987060547
0,252.70901489257812,1117.403326034546
0,913.7631597518921,1262.119089126587
0,534.8506755828857,1187.2134056091309
0,588.8174991607666,964.9854278564453
0,1198.3291091918945,328.47000885009766
0,1462.9906883239746,376.95145320892334
0,1641.0230178833008,617.761474609375
0,673.693359375,789.0431938171387
0,1126.1878280639648,774.0400581359863
0,1329.5464668273926,127.78351593017578
0,1360.0628089904785,289.3186683654785
0,1173.9466934204102,885.3307157158852
0,839.3680191040039,1079.4912033081055
0,1071.5012340545654,591.5034828186035
0,619.9621124267578,1009.8001098632812
0,1654.1960639953613,525.3405075073242
0,1350.985553741455,301.21631240844727
0,468.69053649902344,1283.4425888061523
0,1082.918402671814,1166.302131652832
0,988.3777351379395,1255.6639022827148
0,961.5659217834473,1037.5617141723633
0,665.3065567016602,687.4801025390625
0,444.34375,1415.205467224121
0,932.1650104522705,979.408073425293
0,406.01482009887695,1117.0381546020508
0,1198.2824783325195,409.03919219970703
0,1230.141242980957,467.3633804321289
0,1335.5044059753418,329.6441650390625
0,230.81305122375488,1084.6231536865234
0,294.76025772094727,979.0290794372559
0,919.1637783050537,742.8113632202148
0,652.4917488098145,1134.768741607666
0,160.14617156982422,1322.7029762268066
0,1345.0980682373047,509.43289947509766
0,451.06888580322266,814.7033958435059
0,1057.8994369506836,709.0554352402687
0,269.2737731933594,1404.895923614502
0,1336.6310768127441,459.85203552246094
0,1370.4219360351562,444.1216926574707
0,798.4828987121582,698.2367706298828
0,1124.6593570709229,216.4888095855713
0,1132.5210647583008,1090.130729675293
0,1654.8789138793945,294.14693450927734
0,921.7104358673096,540.1651229858398
0,541.2125091552734,1022.2953033447266
0,889.4620232582092,475.89072036743164
0,940.2016868591309,542.5448989868164
0,693.5586929321289,1157.196361541748
0,1479.3436393737793,879.8548812866211
0,756.4129314422607,1063.7556509971619
0,718.258222579956,819.3026428222656
0,1627.1646118164062,637.0413284301758
0,1499.0980606079102,234.04506492614746
0,433.51092529296875,926.7182140350342
0,963.5816421508789,1212.3964920043945
0,930.0849189758301,1071.4614887237549
0,856.8672561645508,488.8940963745117
0,1477.6309814453125,438.7362823486328
0,705.805549621582,854.6736526489258
0,1503.605167388916,816.928596496582
0,192.69826221466064,1323.3352253884077
0,1713.612190246582,175.332275390625
0,1019.9602813720703,469.3348503112793
0,893.0130844116211,989.6466026306152
0,295.51959228515625,1006.6005744934082
0,1166.3849983215332,603.3966217041016
0,1105.5831031799316,234.18713188171387
0,1218.175392150879,208.3540163040161
0,771.4131393432617,421.2061538696289
0,813.7425079345703,808.9826507568359
0,1232.3078689575195,414.3044128417969
0,1262.8205490112305,188.24374198913574
0,1602.6548023223877,671.215202331543
0,903.1662817001343,785.4358749389648
0,1893.6359329223633,277.17591094970703
0,1538.6413078308105,826.6428413391113
0,218.36109924316406,1144.9157104492188
0,1198.4935913085938,476.8424758911133
0,1202.001365661621,153.55301666259766
0,849.5012283325195,1048.7944107055664
0,832.6796836853027,527.6111602783203
0,1384.370216369629,1022.007080078125
0,685.4111557006836,1267.4318103790283
0,899.5933527946472,1287.5974159240723
0,468.4023742675781,1348.1580963134766
0,365.56688833236694,979.0853996276855
0,738.2354373931885,711.1454391479492
0,744.3288650512695,1345.9102201461792
0,1540.691478729248,623.0489196777344
0,1610.3818130493164,702.6824116706848
0,619.1714859008789,622.2192115783691
0,760.980676651001,791.3919677734375
0,667.0348358154297,618.6036415100098
0,1435.372106552124,893.4976577758789
0,273.4784164428711,1207.7682571411133
0,917.3611145019531,336.4652633666992
0,562.409930229187,693.6742553710938
0,850.0018157958984,1291.0546913146973
0,1219.4588775634766,1005.1577377319336
0,887.7032996416092,385.6282901763916
0,573.2766819000244,1352.0115070343018
0,733.39892578125,1206.3107986450195
0,266.63010025024414,1352.8645572662354
0,806.5769271850586,755.348560333252
0,1476.3330192565918,420.2174015045166
0,771.8490295410156,451.99554443359375
0,457.4435806274414,969.5590400695801
0,611.2710990905762,903.726321220398
0,506.22704315185547,1121.5522785186768
0,450.3352966308594,1000.7461090087891
0,503.4340057373047,1279.573781967163
0,1367.0327224731445,170.62158966064453
0,1093.260368347168,579.2148990631104
0,1109.7031784057617,1077.6906175613403
0,1186.303653717041,956.0746994018555
0,1346.880012512207,78.25801467895508
0,498.4944305419922,754.2588329315186
0,620.9297714233398,839.9245223999023
0,753.1562213897705,1236.2478833198547
0,1274.8514347076416,865.6910858154297
0,462.5058784484863,1402.2220916748047
0,1414.1083755493164,388.40007305145264
0,638.9751739501953,851.845832824707
0,1258.6387786865234,437.63400650024414
0,1603.6851773262024,632.3917427062988
0,1283.5918083190918,283.78320693969727
0,903.2901449203491,492.3053436279297
0,625.2087478637695,886.0996584892273
0,754.4989528656006,453.3888359069824
0,117.79462051391602,1346.012981414795
0,442.9997138977051,1176.8681373596191
0,532.19580078125,736.3436403274536
0,647.5337677001953,558.4622707366943
0,775.9718551635742,861.2064590454102
0,1157.092529296875,352.33016204833984
0,1370.2614974975586,274.39342498779297
0,861.0181579589844,777.4892845153809
0,378.2728910446167,847.9039993286133
0,747.1460456848145,755.0106945037842
0,1321.4147338867188,278.45320892333984
0,1034.9942016601562,531.1532518863678
0,1469.6110363006592,606.1644515991211
0,1317.113452911377,1161.715805053711
0,660.2962036132812,543.3819885253906
0,1205.4438934326172,189.57866311073303
0,711.5585403442383,496.96024322509766
0,1238.7655997276306,1052.9194030761719
0,815.7811279296875,571.8584613800049
0,928.6265068054199,957.5744438171387
0,1646.7107639312744,566.3086547851562
0,1249.4393963813782,974.1523895263672
0,1646.898582458496,738.2691345214844
0,1656.6714477539062,477.89673233032227
0,1459.8694820404053,56.76402282714844
0,835.7635269165039,583.8684349060059
0,392.15694427490234,1306.0322380065918
0,1110.3915195465088,1036.5577392578125
0,797.8803215026855,774.3933525085449
0,1189.843620300293,295.4576759338379
0,1073.4752340316772,1278.2041454315186
0,1176.1837005615234,1238.8119463920593
0,443.7203483581543,1044.6602401733398
0,1130.1166725158691,1117.3214225769043
0,408.36254692077637,1170.6756706237793
0,1272.622901916504,142.1327896118164
0,1265.992109298706,898.1656904220581
0,1185.3764953613281,157.7213592529297
0,1546.3449020385742,757.9754600524902
0,1369.9676666259766,145.25119018554688
0,1159.7221145629883,1090.3741645812988
0,1153.3659172058105,1003.9595718383789
0,1053.0458221435547,1178.1466178894043
0,732.4384651184082,830.7040939331055
0,281.84326171875,1026.7208404541016
0,902.7669115066528,1171.8571815490723
0,1013.7413330078125,971.2623329162598
0,655.2864761352539,1231.8615417480469
0,527.1266632080078,924.6636543273926
0,1225.352394104004,948.484935760498
0,984.7967109680176,513.2840576171875
0,1516.1175994873047,726.9197444915771
0,305.9902114868164,1194.4062957763672
0,1464.8266677856445,124.68488311767578
0,1113.461877822876,1139.6354026794434
0,1085.8476028442383,711.4652054309845
0,638.6640319824219,1287.274257659912
0,792.8061180114746,1224.3579788208008
0,1274.2085494995117,166.34910583496094
0,873.5521392822266,357.3600707054138
0,1443.1454620361328,290.3918914794922
0,1144.9826583862305,852.9545974731445
0,831.3186836242676,842.2633361816406
0,1078.647047996521,1236.1925525665283
0,1685.3372344970703,655.4842720031738
0,820.2109451293945,540.549072265625
0,896.868369102478,702.0135803222656
0,1626.7153816223145,576.3100185394287
0,745.2111473083496,1157.0633811950684
0,1099.0399551391602,1239.7998490333557
0,1423.25630235672,118.75163269042969
0,1368.3544998168945,401.228214263916
0,1124.2969245910645,949.5116691589355
0,728.4342241287231,795.9965133666992
0,1093.1665420532227,965.5597305297852
0,547.4186935424805,700.2708587646484
0,1699.5205535888672,619.9736976623535
0,1248.7903890609741,1107.0759410858154
0,966.6425590515137,788.6823120117188
0,549.9966125488281,631.1507835388184
0,563.1186876296997,1168.275131225586
0,740.5389957427979,667.8528747558594
0,1181.5806045532227,619.5773582458496
0,971.9464645385742,982.0281219482422
0,776.6848449707031,1258.9208908081055
0,488.9486999511719,963.9117164611816
0,255.47345352172852,1266.375602722168
0,1445.0929050445557,817.5287475585938
0,483.36428451538086,789.3745346069336
0,1236.0759582519531,1021.4849472045898
0,194.2159299850464,1204.6286849975586
0,900.1992530822754,348.9783935546875
0,1142.030288696289,1232.8813934326172
0,512.7766952514648,1008.6637649536133
0,1156.5599899291992,923.8231544494629
0,1313.4727783203125,1040.6436767578125
0,1495.9422492980957,870.2566375732422
0,723.9268980026245,1099.4317169189453
0,1384.3988876342773,434.26635360717773
0,311.1140365600586,958.4236335754395
0,527.150032043457,648.4091796875
0,583.6079044342041,926.8797378540039
0,682.7389221191406,632.3922805786133
0,845.0742111206055,1237.3379821777344
0,911.4430856704712,1044.6877365112305
0,624.3156471252441,1254.6950035095215
0,392.3842468261719,879.7505493164062
0,1433.135796546936,303.8356742858887
0,581.8896083831787,1397.4731140136719
0,1423.1169872283936,418.71299171447754
0,813.3057250976562,421.29016494750977
0,592.8112297058105,1342.2392387390137
0,1529.7638893127441,314.6619186401367
0,919.5753154754639,777.4968338012695
0,1099.6921138763428,683.6185150146484
0,1402.8542022705078,120.51798248291016
0,873.5496292114258,798.9529647827148
0,942.9426498413086,727.2907590866089
0,1498.6094245910645,392.78592681884766
0,993.9915008544922,1224.7848510742188
0,1462.92484664917,822.2156867980957
0,1221.221420288086,137.25618743896484
0,1179.3684768676758,908.9821510314941
0,1582.1007995605469,581.6058959960938
0,1492.0163230895996,66.67077255249023
0,507.5762710571289,1419.5956687927246
0,704.4302749633789,747.5396251678467
0,756.3359451293945,890.0592753887177
0,1419.0063235759735,1092.7098817825317
0,1264.3854913711548,937.0695266723633
0,1477.8547706604004,280.6527404785156
0,592.3588809967041,1219.4848937988281
0,852.4888610839844,520.6622848510742
0,1507.54736328125,645.535083770752
0,527.4828872680664,909.4688148498535
0,1045.4169540405273,1240.3847156763077
0,456.9874954223633,762.287841796875
0,1041.4364776611328,1045.612922668457
0,597.0516128540039,636.0772247314453
0,1350.881736755371,674.6445083618164
0,379.1570587158203,890.5312705039978
0,918.007532119751,1120.3463516235352
0,1452.8679122924805,942.2400131225586
0,1575.7645645141602,240.0293731689453
0,1341.1234893798828,736.1748294830322
0,1096.8958568572998,352.9192886352539
0,271.297607421875,1181.1749267578125
0,1439.633945465088,62.49704360961914
0,610.0588493347168,778.1104393005371
0,1421.202781677246,956.8187713623047
0,1390.4841690063477,394.2534122467041
0,1341.1224899291992,287.0347900390625
0,1597.0923233032227,712.4359575510025
0,664.0997161865234,1293.2126083374023
0,449.3268165588379,1061.1362926363945
0,1031.3644256591797,1099.88818359375
0,999.2868118286133,1193.3677139282227
0,948.0428161621094,1191.0332107543945
0,339.3434753417969,1093.7085418701172
0,1275.3473796844482,297.360408782959
0,366.3816680908203,940.7081298828125
0,704.8260040283203,950.2916507720947
0,1299.679479598999,340.84339141845703
0,172.57955932617188,1230.4990844726562
0,1434.1484298706055,403.42991828918457
0,708.0789016783237,1360.8831806182861
0,564.5756416320801,1246.607611656189
0,1236.439239025116,175.06078338623047
0,407.6009941101074,870.0288772583008
0,845.9174652099609,394.2193145751953
0,574.7088928222656,654.6314010620117
0,1538.0965461730957,656.2752265930176
0,1719.961082458496,574.7418441772461
0,955.5093688964844,664.1103286743164
0,1104.370059967041,863.2393188476562
0,1409.210548400879,176.84512329101562
0,1461.39652633667,877.5537414550781
0,450.78991317749023,871.1997909545898
0,532.0921905636787,1218.861572265625
0,1518.8143424987793,632.0022354125977
0,874.4741592407227,823.9438667297363
0,521.9662322998047,1316.3649101257324
0,390.4207878112793,1021.9762573242188
0,716.2334966659546,883.7573194503784
0,1014.7382125854492,1132.381576538086
0,947.9140701293945,997.8764801025391
0,944.7021656036377,676.4165649414062
0,950.2411346435547,767.5750370025635
0,1240.75439453125,361.9107503890991
0,1466.7042961120605,399.6552791595459
0,439.26476669311523,950.3089027404785
0,1856.9085655212402,300.4460906982422
0,1703.4116744995117,343.66624450683594
0,979.3503036499023,684.4553985595703
0,1526.0558280944824,284.1503028869629
0,821.7000694274902,618.2536659240723
0,1913.8892059326172,396.96788215637207
0,1430.8708543777466,931.4979648590088
0,1206.932846069336,249.85226440429688
0,982.9783172607422,353.14739990234375
0,542.8545331954956,1101.589786529541
0,279.2007751464844,1250.0519332885742
0,598.727653503418,810.5428810119629
0,1256.1464166641235,272.7049980163574
0,575.8336982727051,910.6501808166504
0,912.920093536377,922.9528694152832
0,975.8433532714844,874.3325119018555
0,1661.1441116333008,507.5598831176758
0,1367.124526977539,997.9669761657715
0,1249.4419355392456,1169.2240600585938
0,538.3373837471008,836.8075866699219
0,836.8204345703125,408.42812728881836
0,1716.6405639648438,411.1426315307617
0,1341.827724456787,1037.137107849121
0,604.726131439209,706.6102981567383
0,1242.9611239433289,606.7192993164062
0,1281.7393169403076,838.1965408325195
0,1123.6031684875488,347.2582702636719
0,968.1739654541016,610.0393028259277
0,296.0069007873535,1275.4206237792969
0,849.5278472900391,434.65965270996094
0,998.0056838989258,508.7837219238281
0,791.4064979553223,396.1336250305176
0,781.4854698181152,748.3649978637695
0,1450.0786209106445,597.9859962463379
0,557.3651351928711,920.2794017791748
0,1676.910732269287,74.43648147583008
0,356.234766587615,1223.9522399902344
0,1737.0117492675781,552.424430847168
0,243.14863967895508,1150.9363441467285
0,692.7496185302734,1213.5679244995117
0,1445.9875593185425,171.41311645507812
0,993.9859924316406,963.6000671386719
0,496.68580627441406,1376.5571899414062
0,932.3751106262207,1209.2223281860352
0,1384.0438995361328,183.57929527759552
0,995.8089561462402,1082.5708379745483
0,508.80995178222656,691.6755294799805
0,1302.3410453796387,1097.7461910247803
0,301.00023651123047,1353.0874519348145
0,1163.6740646362305,758.045732498169
0,1608.346261024475,73.08091735839844
0,1587.9312496185303,479.890567779541
0,821.0693092346191,858.9758529663086
0,558.1879272460938,1051.6313858032227
0,1579.4947891235352,871.2518463134766
0,570.6680088043213,1011.896728515625
0,543.0594940185547,652.3590965270996
0,1143.4499702453613,237.54016876220703
0,1376.3054504394531,912.4314613342285
0,1264.747947692871,1216.696632385254
0,1414.2248902320862,260.93253326416016
0,1747.0003662109375,674.2038497924805
0,1218.202293395996,611.5788230895996
0,1400.8501892089844,851.6126708984375
0,1505.024284362793,797.6821823120117
0,644.7822380065918,637.4378852844238
0,670.9448165893555,963.0750160217285
0,1735.6601791381836,624.0572166442871
0,179.8355262130499,1177.0359687805176
0,1116.1123218536377,773.5785179138184
0,973.0565605163574,1276.5892581939697
0,729.7186603546143,857.4701919555664
0,1199.8639907836914,427.0175666809082
0,993.2736396789551,392.56289863586426
0,285.14678955078125,1428.2843933105469
0,384.76113510131836,1372.683614730835
0,1413.7055908590555,343.8280029296875
0,1237.359230041504,702.5459289550781
0,959.6535301208496,1060.6807727217674
0,357.9832258820534,918.518871307373
0,231.48042106628418,1132.4478645324707
0,818.872428894043,409.68385314941406
0,1725.3644943237305,206.37006378173828
0,1657.3135299682617,91.41728973388672
0,851.4165420532227,406.62356758117676
0,543.6029348373413,1303.677532196045
0,339.1251754760742,965.2819938659668
0,926.8589134216309,940.626293182373
0,658.4438819885254,928.6906604766846
0,1059.1618461608887,1107.7807006835938
0,925.1159343719482,729.9126529693604
0,1246.1167068481445,945.5348510742188
0,1974.4459838867188,295.06179428100586
0,396.4627113342285,1068.0207986831665
0,236.92962455749512,1255.9288940429688
0,742.3962574005127,815.8637275695801
0,894.7629852294922,791.5812911987305
0,887.0336600542068,1031.2274017333984
0,1059.2260270826519,892.3538739681244
0,1302.3994102478027,286.56117248535156
0,1361.7277755737305,1055.793615102768
0,1729.707176208496,160.3179473876953
0,1854.1845016479492,397.23668098449707
0,1680.1779670715332,162.22489166259766
0,1025.28271484375,435.3062286376953
0,851.9216842651367,766.5207500457764
0,1147.1210632324219,1070.6931610107422
0,1436.6659660339355,140.28426361083984
0,461.1714286804199,1248.936719417572
0,839.8376693725586,506.3384017944336
0,628.6786499023438,1101.6443901062012
0,1370.8388977050781,70.38811874389648
0,1097.8450298309326,1112.8870677947998
0,1001.3939819335938,1303.7502326965332
0,1752.96484375,191.94534015655518
0,878.8081970214844,1244.7689971923828
0,1400.6850204467773,958.8745498657227
0,1021.8994369506836,890.4958810806274
0,1755.2783584594727,652.9645805358887
0,1362.6538619995117,785.6035766601562
0,1333.4886512756348,392.2423324584961
0,954.5026168823242,316.23553466796875
0,981.7477989196777,715.4881000518799
0,1108.5828437805176,481.5734405517578
0,1261.1136875152588,584.3797073364258
0,995.0211067199707,920.7358055114746
0,1490.2851943969727,312.5578842163086
0,840.9985275268555,705.2766723632812
0,1032.6240615844727,248.58916473388672
0,385.44031143188477,1154.382438659668
0,1675.4373626708984,549.756591796875
0,707.2664058208466,905.9584627151489
0,1285.4455795288086,1154.8776931762695
0,1301.9930725097656,520.0907135009766
0,1317.2787704467773,513.3480453491211
0,1580.5724182128906,144.91407012939453
0,1637.7839050292969,81.28221893310547
0,1478.845500946045,39.41809844970703
0,674.4398498535156,497.0690689086914
0,1364.0296363830566,378.1472282409668
0,962.6929168701172,392.56812286376953
0,950.9777183532715,1166.7570533752441
0,846.5112762451172,687.2041473388672
0,1252.9992980957031,343.6714859008789
0,1119.737958908081,230.52532196044922
0,1588.0531005859375,637.2461051940918
0,1489.6955490112305,470.0839385986328
0,376.6095275878906,1284.240213394165
0,1525.2392272949219,267.6691780090332
0,1262.268069267273,744.9972343444824
0,1084.9445419311523,227.75419998168945
0,1505.1008529663086,254.5903663635254
0,1038.4016876220703,1155.0641326904297
0,498.0054168701172,1342.248031616211
0,1484.2421913146973,753.0461959838867
0,767.1079921722412,524.91357421875
0,1835.128056615591,447.43347930908203
0,1390.4079818725586,414.18726921081543
0,1055.571304321289,664.6094055175781
0,876.3294677734375,774.9742813110352
0,961.8702278137207,738.6479015350342
0,1223.6941528320312,156.66188049316406
0,1193.9378051757812,715.3869385719299
0,739.5322723388672,887.4941289275885
0,1293.1594944000244,165.96913146972656
0,1111.9183959960938,285.6184768676758
0,249.76068878173828,1062.2275601625443
0,888.7576792240143,569.425853729248
0,1621.7578582763672,149.7046890258789
0,1138.8976249694824,1178.2736053466797
0,954.0025520324707,547.6573610305786
0,468.12926483154297,985.1301422119141
0,1124.6474380493164,185.21993470191956
0,1355.1669960021973,1009.3756942749023
0,1971.5781631469727,317.8819122314453
0,1588.5006554573774,381.9745063781738
0,1226.6511306762695,311.43990325927734
0,543.4163484573364,785.8156471252441
0,1498.4846496582031,421.2149772644043
0,1422.3255004882812,141.05895233154297
0,760.7557621002197,468.69638442993164
0,1013.4430770874023,1180.844440460205
0,1454.4405670166016,743.1806697845459
0,164.7353515625,1409.8621215820312
0,1327.8113555908203,1149.7706184387207
0,1496.222427368164,891.5198364257812
0,1182.3814430236816,343.65987396240234
0,860.1764068603516,848.6519088745117
0,1191.1945114135742,1095.9758605957031
0,1225.1660842895508,896.7884669303894
0,1270.3025512695312,922.2108364105225
0,715.9543633460999,1136.7314071655273
0,1373.3580932617188,509.6729431152344
0,615.3843841552734,660.1460723876953
0,1061.008485198021,487.3470993041992
0,1239.6119918823242,876.6733932495117
0,1145.0661163330078,420.6996612548828
0,822.8575172424316,1276.0959453582764
0,372.3184585571289,1053.4167404174805
0,918.311559677124,919.4200401306152
0,1178.9775123596191,1057.6689682006836
0,1931.9223098754883,463.8347473144531
0,1471.7582149505615,673.6066284179688
0,1390.1156387329102,509.5818786621094
0,764.1893005371094,603.9298248291016
0,1746.337532043457,270.8490562438965
0,924.427848815918,1305.018970489502
0,318.04639434814453,1021.1007690429688
0,1357.012596130371,1074.364872455597
0,1253.1571655273438,867.3029327392578
0,1109.5946865081787,334.6912078857422
0,1247.4098587036133,1194.0185623168945
0,1136.3287200927734,970.3918609619141
0,1509.5957069396973,291.0676727294922
0,1274.4014358520508,531.5147323608398
0,1413.1510696411133,486.3173065185547
0,1424.2929973602295,313.2035140991211
0,1083.8344135284424,680.1633834838867
0,885.1868524849415,767.9541893005371
0,406.43286514282227,1090.7434492111206
0,1420.272117614746,319.7903366088867
0,846.8805084228516,723.6845006942749
0,1070.6996202468872,237.32946968078613
0,1018.8492202758789,417.56380462646484
0,516.2443466186523,1100.1499671936035
0,725.3078536987305,457.8369255065918
0,1223.3465423583984,731.8732461929321
0,245.92838668823242,1397.7909088134766
0,1354.2375221252441,826.558406829834
0,1210.7090606689453,1037.8595809936523
0,1141.0611839294434,359.8053597211838
0,586.0017948150635,1284.989833831787
0,1458.9759712219238,105.03857040405273
0,506.9437789916992,712.4355666637421
0,1340.1084365844727,626.5845146179199
0,1753.0970840454102,225.15423774719238
0,1860.052243232727,288.23497772216797
0,1571.5284881591797,64.60695266723633
0,1480.2040481567383,926.8237686157227
0,1361.6368713378906,766.0162658691406
0,1599.3967294692993,364.38802337646484
0,731.92724609375,919.9977722167969
0,1484.8916664123535,527.1042327880859
0,1081.1252059936523,1055.8837051391602
0,623.2184715270996,766.0243167877197
0,1020.3110885620117,582.9448413848877
0,689.3518600463867,1098.3765602111816
0,1069.5945434570312,956.0836410522461
0,963.824520111084,901.6070137023926
0,1570.2025451660156,851.4738159179688
0,1753.3583755493164,123.8731918334961
0,1250.2620067596436,143.13184356689453
0,225.98428916931152,1368.7205848693848
0,774.8761405944824,1018.4093551635742
0,1161.513656616211,1244.577980041504
0,185.65726518630981,1250.166805267334
0,1382.5786666870117,160.1019515991211
0,1272.1850280761719,1165.2779426574707
0,1597.1254196166992,607.3142166137695
0,1205.9607238769531,728.2243824005127
0,1363.3918266296387,521.9845504760742
0,1490.4184875488281,143.20343017578125
0,1344.1746368408203,754.9831638336182
0,1473.7022304534912,53.21632957458496
0,917.1511516571045,1147.8281745910645
0,980.3427047729492,468.0510025024414
0,1486.3025970458984,266.8246078491211
0,1616.0734539031982,305.35710525512695
0,945.9320106506348,698.0633087158203
0,1704.52534866333,649.3979949951172
0,1242.0005416870117,392.55321502685547
0,1549.093521118164,232.7135181427002
0,1252.1267681121826,455.17102813720703
0,846.3655853271484,999.6081237792969
0,834.0940551757812,799.8705024719238
0,926.500524520874,810.0903816223145
0,449.5537223815918,785.5544967651367
0,646.744312286377,592.135778427124
0,1336.9717979431152,641.4740829467773
0,863.4315795898438,1265.7702255249023
0,1147.5988502502441,218.12045288085938
0,1504.614086151123,665.0247039794922
0,1209.154167175293,1177.4213104248047
0,904.1955919265747,1005.1173210144043
0,915.857551574707,512.5934600830078
0,527.1027450561523,1255.8855628967285
0,655.8530921936035,998.9990730285645
0,853.5042266845703,538.5108332633972
0,1230.9103546142578,301.12427520751953
0,1542.0862045288086,371.6505126953125
0,949.3729858398438,1060.1899220049381
0,1744.5182495117188,309.96826934814453
0,1077.9614181518555,1258.5208053588867
0,1234.4872970581055,205.3193416595459
0,1096.029317855835,1259.9585342407227
0,1866.9648399353027,360.9003186225891
0,1324.71439743042,530.0089416503906
0,1082.3300476074219,904.56312084198
0,1307.0192375183105,654.7674255371094
0,859.6250381469727,1352.0817651748657
0,1859.5673370361328,220.3044948577881
0,1107.419994354248,957.9716606140137
0,418.8309860229492,1246.9251012802124
0,695.8600006103516,644.2047424316406
0,1552.2756576538086,65.3833236694336
0,451.5737190246582,929.9037227630615
0,1066.8681869506836,814.1725463867188
0,418.7192802429199,1318.1451110839844
0,394.9452438354492,1048.5853881835938
0,368.7174344062805,1078.7790985107422
0,1212.9488906860352,714.4402084350586
0,1497.4885559082031,434.7490997314453
0,1346.2006378173828,262.0100555419922
0,481.54406356811523,1096.8310718536377
0,1500.121078491211,375.3476552963257
0,238.88219833374023,1344.3547325134277
0,1431.0871047973633,791.02783203125
0,680.689811706543,896.0488681793213
0,790.4735336303711,423.0993347167969
0,243.49167251586914,1086.7711210250854
0,356.3229751586914,1100.9680976867676
0,1260.387321472168,696.5608673095703
0,1688.1895561218262,285.56788635253906
0,1337.4088439941406,1056.8263320922852
0,476.6575012207031,1375.425308227539
0,1210.394760131836,1244.4583282470703
0,1528.0012245178223,837.6202011108398
0,1921.8431243896484,293.75852966308594
0,620.4963912963867,1122.931209564209
0,1401.737159729004,878.2039489746094
0,983.4736213684082,1103.9474563598633
0,553.7281332015991,1082.3227653503418
0,1512.6209259033203,304.7454948425293
0,867.2575607299805,395.0475730895996
0,1340.870994567871,523.0192031860352
0,647.2307548522949,1020.5132675170898
0,1386.0719528198242,953.2959175109863
0,1357.2702445983887,157.64713287353516
0,1035.4147491455078,267.5489082336426
0,1626.5277423858643,300.1350746154785
0,1170.9541015625,921.7864151000977
0,1433.4096069335938,473.31656646728516
0,1426.1002054214478,223.46824264526367
0,368.8877410888672,1397.0847702026367
0,986.304443359375,883.6514209955931
0,1710.5387878417969,358.41964077949524
0,1067.972698688507,834.794563293457
0,1952.8073959350586,356.0972213745117
0,1441.8808364868164,495.4315948486328
0,1143.6264686584473,839.2161712646484
0,423.3727340698242,1010.9855308532715
0,1039.3810958862305,736.5169372558594
0,1885.8363227844238,403.60317039489746
0,1140.5639114379883,607.1905059814453
0,1612.1409521102905,608.5421600341797
0,983.7781982421875,299.00423431396484
0,1509.91792678833,865.5726165771484
0,450.72188568115234,847.4558029174805
0,309.2578353881836,1134.7489280700684
0,1557.346046447754,144.61908721923828
0,1037.7721328735352,1000.905574798584
0,237.59437370300293,1293.3654823303223
0,1245.357373714447,772.4926834106445
0,1452.1756000518799,432.9368209838867
0,730.8553323745728,485.4784469604492
0,675.7941207885742,843.1563339233398
0,1408.434425354004,939.7519683837891
0,505.2589797973633,672.6611251831055
0,1328.4526634216309,204.90589904785156
0,208.12093257904053,1412.235939025879
0,1108.6354274749756,525.2881927490234
0,399.2506618499756,845.7230529785156
0,1474.3002490997314,689.9433975219727
0,836.5971221923828,386.01973724365234
0,905.0270309448242,556.740327835083
0,243.10399436950684,1308.0254287719727
0,1477.6729927062988,551.9436283111572
0,1565.6277084350586,286.56414794921875
0,445.2908248901367,1372.944528579712
0,1290.9214115142822,769.5559539794922
0,325.265869140625,1241.2052760124207
0,1084.0706176757812,641.1725082397461
0,1444.7252597808838,579.1860485076904
0,808.734073638916,843.8303680419922
0,808.8637084960938,530.0122187137604
0,577.5496044158936,735.4455604553223
0,1766.3767700195312,195.41779327392578
0,1676.5843315124512,441.3279838562012
0,951.7240905761719,456.263671875
0,954.1252517700195,1097.5004119873047
